<Archers>

  <!-- CaveStory -->

  <Archer>
    <Name0>QUOTE</Name0>
    <Name1>REMOVE THIS</Name1>
    <ColorA>ff795a</ColorA>
    <ColorB>ffb6a5</ColorB>
    <LightbarColor>ff7555</LightbarColor>
    <Aimer>aimers/caveStory</Aimer>
    <SFX>9</SFX>
    <Corpse>CaveStoryCorpse</Corpse>
    <VictoryMusic>Red</VictoryMusic>
    <Gender>Male</Gender>

    <CustomSFX>
      <Fallback>YELLOW_ALT</Fallback>
    </CustomSFX>

    <!-- <EightPlayersNotJoinedPortraitTopOffset>???</EightPlayersNotJoinedPortraitTopOffset>
    <EightPlayersJoinedPortraitTopOffset>???</EightPlayersJoinedPortraitTopOffset> -->

    <Sprites>
      <Body>CaveStory</Body>
      <HeadNormal>CaveStoryHead</HeadNormal>
      <HeadNoHat>CaveStoryNoHat</HeadNoHat>
      <HeadCrown>CaveStoryCrown</HeadCrown>
      <Bow>CaveStoryBow</Bow>
    </Sprites>

    <Hat>
      <Normal>player/hat/caveStory/normal</Normal>
      <Blue>player/hat/caveStory/blue</Blue>
      <Red>player/hat/caveStory/normal</Red>
    </Hat>

    <Portraits>
      <NotJoined>portraits/notJoinedCaveStory</NotJoined>
      <Joined>portraits/joinedCaveStory</Joined>
      <Win>portraits/winCaveStory</Win>
      <Lose>portraits/loseCaveStory</Lose>
    </Portraits>

    <Statue>
      <Image>player/statues/caveStory</Image>
      <Glow>player/statues/caveStoryGlow</Glow>
    </Statue>

    <Gems>
      <Menu>GemCaveStoryMenu</Menu>
      <Gameplay>GemCaveStory</Gameplay>
    </Gems>
  </Archer>

  <AltArcher>
    <Name0>CURLY</Name0>
    <Name1>BRACE</Name1>
    <Corpse>CaveStory_AltCorpse</Corpse>
	<StartNoHat>True</StartNoHat>
    <SFX>8</SFX>
    <Gender>Female</Gender>

    <CustomSFX>
      <Fallback>RED</Fallback>
    </CustomSFX>

    <!-- <EightPlayersNotJoinedPortraitTopOffset>???</EightPlayersNotJoinedPortraitTopOffset>
    <EightPlayersJoinedPortraitTopOffset>???</EightPlayersJoinedPortraitTopOffset> -->

    <Sprites>
      <Body>CaveStory_Alt</Body>
      <HeadNormal>CaveStory_AltHead</HeadNormal>
      <HeadNoHat>CaveStory_AltHead</HeadNoHat>
      <HeadCrown>CaveStory_AltCrown</HeadCrown>
      <Bow>CaveStory_AltBow</Bow>
    </Sprites>

    <Hat>
      <Normal></Normal>
      <Blue></Blue>
      <Red></Red>
    </Hat>

    <Portraits>
      <NotJoined>portraits/notJoinedCaveStoryAlt</NotJoined>
      <Joined>portraits/joinedCaveStoryAlt</Joined>
      <Win>portraits/winCaveStoryAlt</Win>
      <Lose>portraits/loseCaveStoryAlt</Lose>
    </Portraits>

    <Statue>
      <Image>player/statues/caveStoryAlt</Image>
      <Glow>player/statues/caveStoryAltGlow</Glow>
    </Statue>
  </AltArcher>
</Archers>