<TextureAtlas imagePath="caveStory_atlas.png">
      <!-- Cave Story Archers -->
    <SubTexture name="aimers/caveStory" x="86" y="84" width="30" height="10"/>
    <SubTexture name="corpses/caveStory/normal" x="1" y="1" width="72" height="20"/>
    <SubTexture name="corpses/caveStory/blueTeam" x="1" y="22" width="72" height="20"/>
    <SubTexture name="corpses/caveStory/flash" x="1" y="43" width="72" height="20"/>
    <SubTexture name="corpses/caveStory_alt/normal" x="74" y="1" width="72" height="20"/>
    <SubTexture name="corpses/caveStory_alt/blueTeam" x="74" y="22" width="72" height="20"/>
    <SubTexture name="corpses/caveStory_alt/flash" x="74" y="43" width="72" height="20"/>
    <SubTexture name="pickups/caveStoryGem" x="1" y="82" width="72" height="9"/>
    <SubTexture name="player/CaveStory" x="147" y="1" width="48" height="13"/>
    <SubTexture name="player/CaveStory_blue" x="147" y="15" width="48" height="13"/>
    <SubTexture name="player/CaveStory_Alt" x="147" y="29" width="48" height="13"/>
    <SubTexture name="player/CaveStory_Alt_blue" x="147" y="43" width="48" height="13"/>
    <SubTexture name="player/CaveStoryBow" x="133" y="76" width="9" height="3"/>
    <SubTexture name="player/CaveStoryBow_red" x="133" y="76" width="9" height="3"/>
    <SubTexture name="player/CaveStory_AltBow" x="74" y="82" width="11" height="5"/>
    <SubTexture name="player/CaveStory_AltBow_blue" x="74" y="82" width="11" height="5"/>
    <SubTexture name="player/hat/caveStory/normal" x="133" y="64" width="13" height="5"/>
    <SubTexture name="player/hat/caveStory/blue" x="133" y="70" width="13" height="5"/>
    <SubTexture name="player/head/CaveStoryHead" x="1" y="64" width="42" height="8"/>
    <SubTexture name="player/head/CaveStoryHead_blue" x="44" y="64" width="42" height="8"/>
    <SubTexture name="player/head/CaveStoryCrown" x="44" y="73" width="42" height="8"/>
    <SubTexture name="player/head/CaveStoryNoHat" x="1" y="73" width="42" height="8"/>
    <SubTexture name="player/head/CaveStory_AltHead" x="87" y="64" width="45" height="9"/>
    <SubTexture name="player/head/CaveStory_AltCrown" x="87" y="74" width="45" height="9"/>
    <SubTexture name="player/statues/caveStory" x="147" y="57" width="20" height="20"/>
    <SubTexture name="player/statues/caveStoryGlow" x="168" y="57" width="20" height="20"/>
    <SubTexture name="player/statues/caveStoryAlt" x="147" y="78" width="20" height="20"/>
    <SubTexture name="player/statues/caveStoryAltGlow" x="168" y="78" width="20" height="20"/>
</TextureAtlas>