<TextureAtlas imagePath="caveStory_menuAtlas.png">
      <!-- CaveStory Archers -->
    <SubTexture name="portraits/notJoinedCaveStory" x="1" y="1" width="60" height="120"/>
    <SubTexture name="portraits/joinedCaveStory" x="62" y="1" width="60" height="120"/>
    <SubTexture name="portraits/notJoinedCaveStoryAlt" x="123" y="1" width="60" height="120"/>
    <SubTexture name="portraits/joinedCaveStoryAlt" x="184" y="1" width="60" height="120"/>
    <SubTexture name="portraits/winCaveStory" x="62" y="122" width="50" height="50"/>
    <SubTexture name="portraits/winCaveStoryAlt" x="113" y="122" width="50" height="50"/>
    <SubTexture name="portraits/loseCaveStory" x="62" y="173" width="50" height="50"/>
    <SubTexture name="portraits/loseCaveStoryAlt" x="113" y="173" width="50" height="50"/>
    <SubTexture name="portraits/gemCaveStory" x="62" y="224" width="180" height="20"/>
</TextureAtlas>