<SpriteData>

    <!-- Corpse Sprite Data -->

  <sprite_string id="CaveStoryCorpse">
    <Texture>corpses/caveStory/normal</Texture>
    <BlueTeam>corpses/caveStory/blueTeam</BlueTeam>
    <RedTeam>corpses/caveStory/normal</RedTeam>
    <Flash>corpses/caveStory/flash</Flash>
    <FrameWidth>12</FrameWidth>
    <FrameHeight>20</FrameHeight>
    <Animations>
      <Anim id="ground" frames="0"/>
      <Anim id="fall" frames="1"/>
      <Anim id="pinned" frames="2"/>
      <Anim id="slouched" frames="3"/>
      <Anim id="flying" frames="4"/>
      <Anim id="ledge" frames="5"/>
    </Animations>
  </sprite_string>

  <sprite_string id="CaveStory_AltCorpse">
    <Texture>corpses/caveStory_alt/normal</Texture>
    <BlueTeam>corpses/caveStory_alt/blueTeam</BlueTeam>
    <RedTeam>corpses/caveStory_alt/normal</RedTeam>
    <Flash>corpses/caveStory/flash</Flash>
    <FrameWidth>12</FrameWidth>
    <FrameHeight>20</FrameHeight>
    <Animations>
      <Anim id="ground" frames="0"/>
      <Anim id="fall" frames="1"/>
      <Anim id="pinned" frames="2"/>
      <Anim id="slouched" frames="3"/>
      <Anim id="flying" frames="4"/>
      <Anim id="ledge" frames="5"/>
    </Animations>
  </sprite_string>

<!-- Player CaveStory -->

  <sprite_int id="GemCaveStory">
    <Texture>pickups/caveStoryGem</Texture>
    <FrameWidth>9</FrameWidth>
    <FrameHeight>9</FrameHeight>
    <OriginX>5</OriginX>
    <OriginY>5</OriginY>
    <Animations>
      <Anim id="0" delay=".1" loop="True" frames="0,0,0,1,2,3,4,5,6,7,0,0,0,0,0,0,0,0,0,0,0"/>
    </Animations>
  </sprite_int>

  <sprite_string id="CaveStory">
    <Texture>player/CaveStory</Texture>
    <RedTexture>player/CaveStory</RedTexture>
    <BlueTexture>player/CaveStory_blue</BlueTexture>
    <FrameWidth>12</FrameWidth>
    <FrameHeight>13</FrameHeight>
    <OriginX>7</OriginX>
    <OriginY>13</OriginY>
    <X>0</X>
    <Y>7</Y>
    <SlideHead>True</SlideHead>
    <Animations>
      <Anim id="stand" frames="3"/>
      <Anim id="run" delay=".1" frames="2,3,1,3"/>
      <Anim id="jump" delay=".06" frames="1" loop="False"/>
      <Anim id="fall" delay=".06" frames="2" loop="False"/>
      <Anim id="glide" delay=".06" frames="1" loop="True"/>
      <Anim id="ledge" frames="2"/>
      <Anim id="dodge" frames="2"/>
      <Anim id="duck" frames="0"/>
      <Anim id="slide_nohat" loop="true" delay=".05" frames="2"/>
      <Anim id="slide_normal" loop="true" delay=".05" frames="2"/>
      <Anim id="slide_crown" loop="true" delay=".05" frames="2"/>
    </Animations>
    <HeadYOrigins>8,11,11,10</HeadYOrigins>
  </sprite_string>

  <sprite_string id="CaveStoryHead">
    <Texture>player/head/CaveStoryHead</Texture>
    <RedTexture>player/head/CaveStoryHead</RedTexture>
    <BlueTexture>player/head/CaveStoryHead_blue</BlueTexture>
    <FrameWidth>14</FrameWidth>
    <FrameHeight>8</FrameHeight>
    <OriginX>8</OriginX>
    <OriginY>0</OriginY>
    <X>0</X>
    <Y>1</Y>
    <Animations>
      <Anim id="idle" frames="2"/>
      <Anim id="lookUp" frames="1"/>
      <Anim id="lookDown" frames="0"/>
      <Anim id="lookBack" frames="2"/>
      <Anim id="idleFall" frames="2" delay=".08" loop="False"/>
      <Anim id="lookUpFall" frames="1" delay=".08" loop="False"/>
      <Anim id="lookDownFall" frames="0" delay=".08" loop="False"/>
      <Anim id="lookBackFall" frames="2" delay=".08" loop="False"/>
      <Anim id="idleJump" frames="2"/>
      <Anim id="lookUpJump" frames="1"/>
      <Anim id="lookDownJump" frames="0"/>
      <Anim id="lookBackJump" frames="2"/>
      <Anim id="duck" frames="2"/>
    </Animations>
  </sprite_string>

  <sprite_string id="CaveStoryNoHat">
    <Texture>player/head/CaveStoryNoHat</Texture>
    <FrameWidth>14</FrameWidth>
    <FrameHeight>8</FrameHeight>
    <OriginX>8</OriginX>
    <OriginY>0</OriginY>
    <X>0</X>
    <Y>1</Y>
    <Animations>
      <Anim id="idle" frames="2"/>
      <Anim id="lookUp" frames="1"/>
      <Anim id="lookDown" frames="0"/>
      <Anim id="lookBack" frames="2"/>
      <Anim id="idleFall" frames="2" delay=".08" loop="False"/>
      <Anim id="lookUpFall" frames="1" delay=".08" loop="False"/>
      <Anim id="lookDownFall" frames="0" delay=".08" loop="False"/>
      <Anim id="lookBackFall" frames="2" delay=".08" loop="False"/>
      <Anim id="idleJump" frames="2"/>
      <Anim id="lookUpJump" frames="1"/>
      <Anim id="lookDownJump" frames="0"/>
      <Anim id="lookBackJump" frames="2"/>
      <Anim id="duck" frames="2"/>
    </Animations>
  </sprite_string>

  <sprite_string id="CaveStoryCrown">
    <Texture>player/head/CaveStoryCrown</Texture>
    <FrameWidth>14</FrameWidth>
    <FrameHeight>8</FrameHeight>
    <OriginX>8</OriginX>
    <OriginY>0</OriginY>
    <X>0</X>
    <Y>1</Y>
    <Animations>
      <Anim id="idle" frames="2"/>
      <Anim id="lookUp" frames="1"/>
      <Anim id="lookDown" frames="0"/>
      <Anim id="lookBack" frames="2"/>
      <Anim id="idleFall" frames="2" delay=".08" loop="False"/>
      <Anim id="lookUpFall" frames="1" delay=".08" loop="False"/>
      <Anim id="lookDownFall" frames="0" delay=".08" loop="False"/>
      <Anim id="lookBackFall" frames="2" delay=".08" loop="False"/>
      <Anim id="idleJump" frames="2"/>
      <Anim id="lookUpJump" frames="1"/>
      <Anim id="lookDownJump" frames="0"/>
      <Anim id="lookBackJump" frames="2"/>
      <Anim id="duck" frames="2"/>
    </Animations>
  </sprite_string>

  <sprite_string id="CaveStoryBow">
    <Texture>player/CaveStoryBow</Texture>
    <RedTexture>player/CaveStoryBow_red</RedTexture>
    <BlueTexture>player/CaveStoryBow</BlueTexture>
    <FrameWidth>9</FrameWidth>
    <FrameHeight>3</FrameHeight>
    <OriginX>-1</OriginX>
    <OriginY>3</OriginY>
    <X>0</X>
    <Y>4</Y>
    <DownY>1</DownY>
    <Animations>
      <Anim id="idle" frames="0"/>
      <Anim id="drawn" loop="False" delay=".04" frames="0"/>
      <Anim id="drawnEmpty" frames="0"/>
    </Animations>
  </sprite_string>

<!-- Player CaveStory Alt -->

  <sprite_string id="CaveStory_Alt">
    <Texture>player/CaveStory_Alt</Texture>
    <RedTexture>player/CaveStory_Alt</RedTexture>
    <BlueTexture>player/CaveStory_Alt_blue</BlueTexture>
    <FrameWidth>12</FrameWidth>
    <FrameHeight>13</FrameHeight>
    <OriginX>7</OriginX>
    <OriginY>13</OriginY>
    <X>0</X>
    <Y>7</Y>
    <SlideHead>True</SlideHead>
    <Animations>
      <Anim id="stand" frames="3"/>
      <Anim id="run" delay=".1" frames="2,3,1,3"/>
      <Anim id="jump" delay=".06" frames="1" loop="False"/>
      <Anim id="fall" delay=".06" frames="2" loop="False"/>
      <Anim id="glide" delay=".06" frames="1" loop="True"/>
      <Anim id="ledge" frames="2"/>
      <Anim id="dodge" frames="2"/>
      <Anim id="duck" frames="0"/>
      <Anim id="slide_nohat" loop="true" delay=".05" frames="2"/>
      <Anim id="slide_normal" loop="true" delay=".05" frames="2"/>
      <Anim id="slide_crown" loop="true" delay=".05" frames="2"/>
    </Animations>
    <HeadYOrigins>8,11,11,10</HeadYOrigins>
  </sprite_string>

  <sprite_string id="CaveStory_AltHead">
    <Texture>player/head/CaveStory_AltHead</Texture>
    <RedTexture>player/head/CaveStory_AltHead</RedTexture>
    <BlueTexture>player/head/CaveStory_AltHead</BlueTexture>
    <FrameWidth>15</FrameWidth>
    <FrameHeight>9</FrameHeight>
    <OriginX>9</OriginX>
    <OriginY>0</OriginY>
    <X>0</X>
    <Y>1</Y>
    <Animations>
      <Anim id="idle" frames="0"/>
      <Anim id="lookUp" frames="1"/>
      <Anim id="lookDown" frames="2"/>
      <Anim id="lookBack" frames="0"/>
      <Anim id="idleFall" frames="0" delay=".08" loop="False"/>
      <Anim id="lookUpFall" frames="1" delay=".08" loop="False"/>
      <Anim id="lookDownFall" frames="2" delay=".08" loop="False"/>
      <Anim id="lookBackFall" frames="0" delay=".08" loop="False"/>
      <Anim id="idleJump" frames="0"/>
      <Anim id="lookUpJump" frames="1"/>
      <Anim id="lookDownJump" frames="2"/>
      <Anim id="lookBackJump" frames="0"/>
      <Anim id="duck" frames="0"/>
    </Animations>
  </sprite_string>

  <sprite_string id="CaveStory_AltCrown">
    <Texture>player/head/CaveStory_AltCrown</Texture>
    <FrameWidth>15</FrameWidth>
    <FrameHeight>9</FrameHeight>
    <OriginX>9</OriginX>
    <OriginY>0</OriginY>
    <X>0</X>
    <Y>1</Y>
    <Animations>
      <Anim id="idle" frames="0"/>
      <Anim id="lookUp" frames="1"/>
      <Anim id="lookDown" frames="2"/>
      <Anim id="lookBack" frames="0"/>
      <Anim id="idleFall" frames="0" delay=".08" loop="False"/>
      <Anim id="lookUpFall" frames="1" delay=".08" loop="False"/>
      <Anim id="lookDownFall" frames="2" delay=".08" loop="False"/>
      <Anim id="lookBackFall" frames="0" delay=".08" loop="False"/>
      <Anim id="idleJump" frames="0"/>
      <Anim id="lookUpJump" frames="1"/>
      <Anim id="lookDownJump" frames="2"/>
      <Anim id="lookBackJump" frames="0"/>
      <Anim id="duck" frames="0"/>
    </Animations>
  </sprite_string>

  <sprite_string id="CaveStory_AltBow">
    <Texture>player/CaveStory_AltBow</Texture>
    <RedTexture>player/CaveStory_AltBow</RedTexture>
    <BlueTexture>player/CaveStory_AltBow_blue</BlueTexture>
    <FrameWidth>11</FrameWidth>
    <FrameHeight>5</FrameHeight>
    <OriginX>0</OriginX>
    <OriginY>4</OriginY>
    <X>0</X>
    <Y>4</Y>
    <DownY>1</DownY>
    <Animations>
      <Anim id="idle" frames="0"/>
      <Anim id="drawn" loop="False" delay=".04" frames="0"/>
      <Anim id="drawnEmpty" frames="0"/>
    </Animations>
  </sprite_string>

 </SpriteData>